path,label
/home/xbgydx/Desktop/UCFClipFeatures/Abuse/Abuse028_x264__5.npy,Abuse
/home/xbgydx/Desktop/UCFClipFeatures/Abuse/Abuse030_x264__5.npy,Abuse
/home/xbgydx/Desktop/UCFClipFeatures/Arrest/Arrest001_x264__5.npy,Arrest
/home/xbgydx/Desktop/UCFClipFeatures/Arrest/Arrest007_x264__5.npy,Arrest
/home/xbgydx/Desktop/UCFClipFeatures/Arrest/Arrest024_x264__5.npy,Arrest
/home/xbgydx/Desktop/UCFClipFeatures/Arrest/Arrest030_x264__5.npy,Arrest
/home/xbgydx/Desktop/UCFClipFeatures/Arrest/Arrest039_x264__5.npy,Arrest
/home/xbgydx/Desktop/UCFClipFeatures/Arson/Arson007_x264__5.npy,Arson
/home/xbgydx/Desktop/UCFClipFeatures/Arson/Arson009_x264__5.npy,Arson
/home/xbgydx/Desktop/UCFClipFeatures/Arson/Arson010_x264__5.npy,Arson
/home/xbgydx/Desktop/UCFClipFeatures/Arson/Arson011_x264__5.npy,Arson
/home/xbgydx/Desktop/UCFClipFeatures/Arson/Arson016_x264__5.npy,Arson
/home/xbgydx/Desktop/UCFClipFeatures/Arson/Arson018_x264__5.npy,Arson
/home/xbgydx/Desktop/UCFClipFeatures/Arson/Arson022_x264__5.npy,Arson
/home/xbgydx/Desktop/UCFClipFeatures/Arson/Arson035_x264__5.npy,Arson
/home/xbgydx/Desktop/UCFClipFeatures/Arson/Arson041_x264__5.npy,Arson
/home/xbgydx/Desktop/UCFClipFeatures/Assault/Assault006_x264__5.npy,Assault
/home/xbgydx/Desktop/UCFClipFeatures/Assault/Assault010_x264__5.npy,Assault
/home/xbgydx/Desktop/UCFClipFeatures/Assault/Assault011_x264__5.npy,Assault
/home/xbgydx/Desktop/UCFClipFeatures/Burglary/Burglary005_x264__5.npy,Burglary
/home/xbgydx/Desktop/UCFClipFeatures/Burglary/Burglary017_x264__5.npy,Burglary
/home/xbgydx/Desktop/UCFClipFeatures/Burglary/Burglary018_x264__5.npy,Burglary
/home/xbgydx/Desktop/UCFClipFeatures/Burglary/Burglary021_x264__5.npy,Burglary
/home/xbgydx/Desktop/UCFClipFeatures/Burglary/Burglary024_x264__5.npy,Burglary
/home/xbgydx/Desktop/UCFClipFeatures/Burglary/Burglary032_x264__5.npy,Burglary
/home/xbgydx/Desktop/UCFClipFeatures/Burglary/Burglary033_x264__5.npy,Burglary
/home/xbgydx/Desktop/UCFClipFeatures/Burglary/Burglary035_x264__5.npy,Burglary
/home/xbgydx/Desktop/UCFClipFeatures/Burglary/Burglary037_x264__5.npy,Burglary
/home/xbgydx/Desktop/UCFClipFeatures/Burglary/Burglary061_x264__5.npy,Burglary
/home/xbgydx/Desktop/UCFClipFeatures/Burglary/Burglary076_x264__5.npy,Burglary
/home/xbgydx/Desktop/UCFClipFeatures/Burglary/Burglary079_x264__5.npy,Burglary
/home/xbgydx/Desktop/UCFClipFeatures/Burglary/Burglary092_x264__5.npy,Burglary
/home/xbgydx/Desktop/UCFClipFeatures/Explosion/Explosion002_x264__5.npy,Explosion
/home/xbgydx/Desktop/UCFClipFeatures/Explosion/Explosion004_x264__5.npy,Explosion
/home/xbgydx/Desktop/UCFClipFeatures/Explosion/Explosion007_x264__5.npy,Explosion
/home/xbgydx/Desktop/UCFClipFeatures/Explosion/Explosion008_x264__5.npy,Explosion
/home/xbgydx/Desktop/UCFClipFeatures/Explosion/Explosion010_x264__5.npy,Explosion
/home/xbgydx/Desktop/UCFClipFeatures/Explosion/Explosion011_x264__5.npy,Explosion
/home/xbgydx/Desktop/UCFClipFeatures/Explosion/Explosion013_x264__5.npy,Explosion
/home/xbgydx/Desktop/UCFClipFeatures/Explosion/Explosion016_x264__5.npy,Explosion
/home/xbgydx/Desktop/UCFClipFeatures/Explosion/Explosion017_x264__5.npy,Explosion
/home/xbgydx/Desktop/UCFClipFeatures/Explosion/Explosion020_x264__5.npy,Explosion
/home/xbgydx/Desktop/UCFClipFeatures/Explosion/Explosion021_x264__5.npy,Explosion
/home/xbgydx/Desktop/UCFClipFeatures/Explosion/Explosion022_x264__5.npy,Explosion
/home/xbgydx/Desktop/UCFClipFeatures/Explosion/Explosion025_x264__5.npy,Explosion
/home/xbgydx/Desktop/UCFClipFeatures/Explosion/Explosion027_x264__5.npy,Explosion
/home/xbgydx/Desktop/UCFClipFeatures/Explosion/Explosion028_x264__5.npy,Explosion
/home/xbgydx/Desktop/UCFClipFeatures/Explosion/Explosion029_x264__5.npy,Explosion
/home/xbgydx/Desktop/UCFClipFeatures/Explosion/Explosion033_x264__5.npy,Explosion
/home/xbgydx/Desktop/UCFClipFeatures/Explosion/Explosion035_x264__5.npy,Explosion
/home/xbgydx/Desktop/UCFClipFeatures/Explosion/Explosion036_x264__5.npy,Explosion
/home/xbgydx/Desktop/UCFClipFeatures/Explosion/Explosion039_x264__5.npy,Explosion
/home/xbgydx/Desktop/UCFClipFeatures/Explosion/Explosion043_x264__5.npy,Explosion
/home/xbgydx/Desktop/UCFClipFeatures/Fighting/Fighting003_x264__5.npy,Fighting
/home/xbgydx/Desktop/UCFClipFeatures/Fighting/Fighting018_x264__5.npy,Fighting
/home/xbgydx/Desktop/UCFClipFeatures/Fighting/Fighting033_x264__5.npy,Fighting
/home/xbgydx/Desktop/UCFClipFeatures/Fighting/Fighting042_x264__5.npy,Fighting
/home/xbgydx/Desktop/UCFClipFeatures/Fighting/Fighting047_x264__5.npy,Fighting
/home/xbgydx/Desktop/UCFClipFeatures/RoadAccidents/RoadAccidents001_x264__5.npy,RoadAccidents
/home/xbgydx/Desktop/UCFClipFeatures/RoadAccidents/RoadAccidents002_x264__5.npy,RoadAccidents
/home/xbgydx/Desktop/UCFClipFeatures/RoadAccidents/RoadAccidents004_x264__5.npy,RoadAccidents
/home/xbgydx/Desktop/UCFClipFeatures/RoadAccidents/RoadAccidents009_x264__5.npy,RoadAccidents
/home/xbgydx/Desktop/UCFClipFeatures/RoadAccidents/RoadAccidents010_x264__5.npy,RoadAccidents
/home/xbgydx/Desktop/UCFClipFeatures/RoadAccidents/RoadAccidents011_x264__5.npy,RoadAccidents
/home/xbgydx/Desktop/UCFClipFeatures/RoadAccidents/RoadAccidents012_x264__5.npy,RoadAccidents
/home/xbgydx/Desktop/UCFClipFeatures/RoadAccidents/RoadAccidents016_x264__5.npy,RoadAccidents
/home/xbgydx/Desktop/UCFClipFeatures/RoadAccidents/RoadAccidents017_x264__5.npy,RoadAccidents
/home/xbgydx/Desktop/UCFClipFeatures/RoadAccidents/RoadAccidents019_x264__5.npy,RoadAccidents
/home/xbgydx/Desktop/UCFClipFeatures/RoadAccidents/RoadAccidents020_x264__5.npy,RoadAccidents
/home/xbgydx/Desktop/UCFClipFeatures/RoadAccidents/RoadAccidents021_x264__5.npy,RoadAccidents
/home/xbgydx/Desktop/UCFClipFeatures/RoadAccidents/RoadAccidents022_x264__5.npy,RoadAccidents
/home/xbgydx/Desktop/UCFClipFeatures/RoadAccidents/RoadAccidents121_x264__5.npy,RoadAccidents
/home/xbgydx/Desktop/UCFClipFeatures/RoadAccidents/RoadAccidents122_x264__5.npy,RoadAccidents
/home/xbgydx/Desktop/UCFClipFeatures/RoadAccidents/RoadAccidents123_x264__5.npy,RoadAccidents
/home/xbgydx/Desktop/UCFClipFeatures/RoadAccidents/RoadAccidents124_x264__5.npy,RoadAccidents
/home/xbgydx/Desktop/UCFClipFeatures/RoadAccidents/RoadAccidents125_x264__5.npy,RoadAccidents
/home/xbgydx/Desktop/UCFClipFeatures/RoadAccidents/RoadAccidents127_x264__5.npy,RoadAccidents
/home/xbgydx/Desktop/UCFClipFeatures/RoadAccidents/RoadAccidents128_x264__5.npy,RoadAccidents
/home/xbgydx/Desktop/UCFClipFeatures/RoadAccidents/RoadAccidents131_x264__5.npy,RoadAccidents
/home/xbgydx/Desktop/UCFClipFeatures/RoadAccidents/RoadAccidents132_x264__5.npy,RoadAccidents
/home/xbgydx/Desktop/UCFClipFeatures/RoadAccidents/RoadAccidents133_x264__5.npy,RoadAccidents
/home/xbgydx/Desktop/UCFClipFeatures/Robbery/Robbery048_x264__5.npy,Robbery
/home/xbgydx/Desktop/UCFClipFeatures/Robbery/Robbery050_x264__5.npy,Robbery
/home/xbgydx/Desktop/UCFClipFeatures/Robbery/Robbery102_x264__5.npy,Robbery
/home/xbgydx/Desktop/UCFClipFeatures/Robbery/Robbery106_x264__5.npy,Robbery
/home/xbgydx/Desktop/UCFClipFeatures/Robbery/Robbery137_x264__5.npy,Robbery
/home/xbgydx/Desktop/UCFClipFeatures/Shooting/Shooting002_x264__5.npy,Shooting
/home/xbgydx/Desktop/UCFClipFeatures/Shooting/Shooting004_x264__5.npy,Shooting
/home/xbgydx/Desktop/UCFClipFeatures/Shooting/Shooting007_x264__5.npy,Shooting
/home/xbgydx/Desktop/UCFClipFeatures/Shooting/Shooting008_x264__5.npy,Shooting
/home/xbgydx/Desktop/UCFClipFeatures/Shooting/Shooting010_x264__5.npy,Shooting
/home/xbgydx/Desktop/UCFClipFeatures/Shooting/Shooting011_x264__5.npy,Shooting
/home/xbgydx/Desktop/UCFClipFeatures/Shooting/Shooting013_x264__5.npy,Shooting
/home/xbgydx/Desktop/UCFClipFeatures/Shooting/Shooting015_x264__5.npy,Shooting
/home/xbgydx/Desktop/UCFClipFeatures/Shooting/Shooting018_x264__5.npy,Shooting
/home/xbgydx/Desktop/UCFClipFeatures/Shooting/Shooting019_x264__5.npy,Shooting
/home/xbgydx/Desktop/UCFClipFeatures/Shooting/Shooting021_x264__5.npy,Shooting
/home/xbgydx/Desktop/UCFClipFeatures/Shooting/Shooting022_x264__5.npy,Shooting
/home/xbgydx/Desktop/UCFClipFeatures/Shooting/Shooting024_x264__5.npy,Shooting
/home/xbgydx/Desktop/UCFClipFeatures/Shooting/Shooting026_x264__5.npy,Shooting
/home/xbgydx/Desktop/UCFClipFeatures/Shooting/Shooting028_x264__5.npy,Shooting
/home/xbgydx/Desktop/UCFClipFeatures/Shooting/Shooting032_x264__5.npy,Shooting
/home/xbgydx/Desktop/UCFClipFeatures/Shooting/Shooting033_x264__5.npy,Shooting
/home/xbgydx/Desktop/UCFClipFeatures/Shooting/Shooting034_x264__5.npy,Shooting
/home/xbgydx/Desktop/UCFClipFeatures/Shooting/Shooting037_x264__5.npy,Shooting
/home/xbgydx/Desktop/UCFClipFeatures/Shooting/Shooting043_x264__5.npy,Shooting
/home/xbgydx/Desktop/UCFClipFeatures/Shooting/Shooting046_x264__5.npy,Shooting
/home/xbgydx/Desktop/UCFClipFeatures/Shooting/Shooting047_x264__5.npy,Shooting
/home/xbgydx/Desktop/UCFClipFeatures/Shooting/Shooting048_x264__5.npy,Shooting
/home/xbgydx/Desktop/UCFClipFeatures/Shoplifting/Shoplifting001_x264__5.npy,Shoplifting
/home/xbgydx/Desktop/UCFClipFeatures/Shoplifting/Shoplifting004_x264__5.npy,Shoplifting
/home/xbgydx/Desktop/UCFClipFeatures/Shoplifting/Shoplifting005_x264__5.npy,Shoplifting
/home/xbgydx/Desktop/UCFClipFeatures/Shoplifting/Shoplifting007_x264__5.npy,Shoplifting
/home/xbgydx/Desktop/UCFClipFeatures/Shoplifting/Shoplifting010_x264__5.npy,Shoplifting
/home/xbgydx/Desktop/UCFClipFeatures/Shoplifting/Shoplifting015_x264__5.npy,Shoplifting
/home/xbgydx/Desktop/UCFClipFeatures/Shoplifting/Shoplifting016_x264__5.npy,Shoplifting
/home/xbgydx/Desktop/UCFClipFeatures/Shoplifting/Shoplifting017_x264__5.npy,Shoplifting
/home/xbgydx/Desktop/UCFClipFeatures/Shoplifting/Shoplifting020_x264__5.npy,Shoplifting
/home/xbgydx/Desktop/UCFClipFeatures/Shoplifting/Shoplifting021_x264__5.npy,Shoplifting
/home/xbgydx/Desktop/UCFClipFeatures/Shoplifting/Shoplifting022_x264__5.npy,Shoplifting
/home/xbgydx/Desktop/UCFClipFeatures/Shoplifting/Shoplifting027_x264__5.npy,Shoplifting
/home/xbgydx/Desktop/UCFClipFeatures/Shoplifting/Shoplifting028_x264__5.npy,Shoplifting
/home/xbgydx/Desktop/UCFClipFeatures/Shoplifting/Shoplifting029_x264__5.npy,Shoplifting
/home/xbgydx/Desktop/UCFClipFeatures/Shoplifting/Shoplifting031_x264__5.npy,Shoplifting
/home/xbgydx/Desktop/UCFClipFeatures/Shoplifting/Shoplifting033_x264__5.npy,Shoplifting
/home/xbgydx/Desktop/UCFClipFeatures/Shoplifting/Shoplifting034_x264__5.npy,Shoplifting
/home/xbgydx/Desktop/UCFClipFeatures/Shoplifting/Shoplifting037_x264__5.npy,Shoplifting
/home/xbgydx/Desktop/UCFClipFeatures/Shoplifting/Shoplifting039_x264__5.npy,Shoplifting
/home/xbgydx/Desktop/UCFClipFeatures/Shoplifting/Shoplifting044_x264__5.npy,Shoplifting
/home/xbgydx/Desktop/UCFClipFeatures/Shoplifting/Shoplifting049_x264__5.npy,Shoplifting
/home/xbgydx/Desktop/UCFClipFeatures/Stealing/Stealing019_x264__5.npy,Stealing
/home/xbgydx/Desktop/UCFClipFeatures/Stealing/Stealing036_x264__5.npy,Stealing
/home/xbgydx/Desktop/UCFClipFeatures/Stealing/Stealing058_x264__5.npy,Stealing
/home/xbgydx/Desktop/UCFClipFeatures/Stealing/Stealing062_x264__5.npy,Stealing
/home/xbgydx/Desktop/UCFClipFeatures/Stealing/Stealing079_x264__5.npy,Stealing
/home/xbgydx/Desktop/UCFClipFeatures/Vandalism/Vandalism007_x264__5.npy,Vandalism
/home/xbgydx/Desktop/UCFClipFeatures/Vandalism/Vandalism015_x264__5.npy,Vandalism
/home/xbgydx/Desktop/UCFClipFeatures/Vandalism/Vandalism017_x264__5.npy,Vandalism
/home/xbgydx/Desktop/UCFClipFeatures/Vandalism/Vandalism028_x264__5.npy,Vandalism
/home/xbgydx/Desktop/UCFClipFeatures/Vandalism/Vandalism036_x264__5.npy,Vandalism
/home/xbgydx/Desktop/UCFClipFeatures/Testing_Normal_Videos_Anomaly/Normal_Videos_003_x264__5.npy,Normal
/home/xbgydx/Desktop/UCFClipFeatures/Testing_Normal_Videos_Anomaly/Normal_Videos_006_x264__5.npy,Normal
/home/xbgydx/Desktop/UCFClipFeatures/Testing_Normal_Videos_Anomaly/Normal_Videos_010_x264__5.npy,Normal
/home/xbgydx/Desktop/UCFClipFeatures/Testing_Normal_Videos_Anomaly/Normal_Videos_014_x264__5.npy,Normal
/home/xbgydx/Desktop/UCFClipFeatures/Testing_Normal_Videos_Anomaly/Normal_Videos_015_x264__5.npy,Normal
/home/xbgydx/Desktop/UCFClipFeatures/Testing_Normal_Videos_Anomaly/Normal_Videos_018_x264__5.npy,Normal
/home/xbgydx/Desktop/UCFClipFeatures/Testing_Normal_Videos_Anomaly/Normal_Videos_019_x264__5.npy,Normal
/home/xbgydx/Desktop/UCFClipFeatures/Testing_Normal_Videos_Anomaly/Normal_Videos_024_x264__5.npy,Normal
/home/xbgydx/Desktop/UCFClipFeatures/Testing_Normal_Videos_Anomaly/Normal_Videos_025_x264__5.npy,Normal
/home/xbgydx/Desktop/UCFClipFeatures/Testing_Normal_Videos_Anomaly/Normal_Videos_027_x264__5.npy,Normal
/home/xbgydx/Desktop/UCFClipFeatures/Testing_Normal_Videos_Anomaly/Normal_Videos_033_x264__5.npy,Normal
/home/xbgydx/Desktop/UCFClipFeatures/Testing_Normal_Videos_Anomaly/Normal_Videos_034_x264__5.npy,Normal
/home/xbgydx/Desktop/UCFClipFeatures/Testing_Normal_Videos_Anomaly/Normal_Videos_041_x264__5.npy,Normal
/home/xbgydx/Desktop/UCFClipFeatures/Testing_Normal_Videos_Anomaly/Normal_Videos_042_x264__5.npy,Normal
/home/xbgydx/Desktop/UCFClipFeatures/Testing_Normal_Videos_Anomaly/Normal_Videos_048_x264__5.npy,Normal
/home/xbgydx/Desktop/UCFClipFeatures/Testing_Normal_Videos_Anomaly/Normal_Videos_050_x264__5.npy,Normal
/home/xbgydx/Desktop/UCFClipFeatures/Testing_Normal_Videos_Anomaly/Normal_Videos_051_x264__5.npy,Normal
/home/xbgydx/Desktop/UCFClipFeatures/Testing_Normal_Videos_Anomaly/Normal_Videos_056_x264__5.npy,Normal
/home/xbgydx/Desktop/UCFClipFeatures/Testing_Normal_Videos_Anomaly/Normal_Videos_059_x264__5.npy,Normal
/home/xbgydx/Desktop/UCFClipFeatures/Testing_Normal_Videos_Anomaly/Normal_Videos_063_x264__5.npy,Normal
/home/xbgydx/Desktop/UCFClipFeatures/Testing_Normal_Videos_Anomaly/Normal_Videos_067_x264__5.npy,Normal
/home/xbgydx/Desktop/UCFClipFeatures/Testing_Normal_Videos_Anomaly/Normal_Videos_070_x264__5.npy,Normal
/home/xbgydx/Desktop/UCFClipFeatures/Testing_Normal_Videos_Anomaly/Normal_Videos_100_x264__5.npy,Normal
/home/xbgydx/Desktop/UCFClipFeatures/Testing_Normal_Videos_Anomaly/Normal_Videos_129_x264__5.npy,Normal
/home/xbgydx/Desktop/UCFClipFeatures/Testing_Normal_Videos_Anomaly/Normal_Videos_150_x264__5.npy,Normal
/home/xbgydx/Desktop/UCFClipFeatures/Testing_Normal_Videos_Anomaly/Normal_Videos_168_x264__5.npy,Normal
/home/xbgydx/Desktop/UCFClipFeatures/Testing_Normal_Videos_Anomaly/Normal_Videos_175_x264__5.npy,Normal
/home/xbgydx/Desktop/UCFClipFeatures/Testing_Normal_Videos_Anomaly/Normal_Videos_182_x264__5.npy,Normal
/home/xbgydx/Desktop/UCFClipFeatures/Testing_Normal_Videos_Anomaly/Normal_Videos_189_x264__5.npy,Normal
/home/xbgydx/Desktop/UCFClipFeatures/Testing_Normal_Videos_Anomaly/Normal_Videos_196_x264__5.npy,Normal
/home/xbgydx/Desktop/UCFClipFeatures/Testing_Normal_Videos_Anomaly/Normal_Videos_203_x264__5.npy,Normal
/home/xbgydx/Desktop/UCFClipFeatures/Testing_Normal_Videos_Anomaly/Normal_Videos_210_x264__5.npy,Normal
/home/xbgydx/Desktop/UCFClipFeatures/Testing_Normal_Videos_Anomaly/Normal_Videos_217_x264__5.npy,Normal
/home/xbgydx/Desktop/UCFClipFeatures/Testing_Normal_Videos_Anomaly/Normal_Videos_224_x264__5.npy,Normal
/home/xbgydx/Desktop/UCFClipFeatures/Testing_Normal_Videos_Anomaly/Normal_Videos_246_x264__5.npy,Normal
/home/xbgydx/Desktop/UCFClipFeatures/Testing_Normal_Videos_Anomaly/Normal_Videos_247_x264__5.npy,Normal
/home/xbgydx/Desktop/UCFClipFeatures/Testing_Normal_Videos_Anomaly/Normal_Videos_248_x264__5.npy,Normal
/home/xbgydx/Desktop/UCFClipFeatures/Testing_Normal_Videos_Anomaly/Normal_Videos_251_x264__5.npy,Normal
/home/xbgydx/Desktop/UCFClipFeatures/Testing_Normal_Videos_Anomaly/Normal_Videos_289_x264__5.npy,Normal
/home/xbgydx/Desktop/UCFClipFeatures/Testing_Normal_Videos_Anomaly/Normal_Videos_310_x264__5.npy,Normal
/home/xbgydx/Desktop/UCFClipFeatures/Testing_Normal_Videos_Anomaly/Normal_Videos_312_x264__5.npy,Normal
/home/xbgydx/Desktop/UCFClipFeatures/Testing_Normal_Videos_Anomaly/Normal_Videos_317_x264__5.npy,Normal
/home/xbgydx/Desktop/UCFClipFeatures/Testing_Normal_Videos_Anomaly/Normal_Videos_345_x264__5.npy,Normal
/home/xbgydx/Desktop/UCFClipFeatures/Testing_Normal_Videos_Anomaly/Normal_Videos_352_x264__5.npy,Normal
/home/xbgydx/Desktop/UCFClipFeatures/Testing_Normal_Videos_Anomaly/Normal_Videos_360_x264__5.npy,Normal
/home/xbgydx/Desktop/UCFClipFeatures/Testing_Normal_Videos_Anomaly/Normal_Videos_365_x264__5.npy,Normal
/home/xbgydx/Desktop/UCFClipFeatures/Testing_Normal_Videos_Anomaly/Normal_Videos_401_x264__5.npy,Normal
/home/xbgydx/Desktop/UCFClipFeatures/Testing_Normal_Videos_Anomaly/Normal_Videos_417_x264__5.npy,Normal
/home/xbgydx/Desktop/UCFClipFeatures/Testing_Normal_Videos_Anomaly/Normal_Videos_439_x264__5.npy,Normal
/home/xbgydx/Desktop/UCFClipFeatures/Testing_Normal_Videos_Anomaly/Normal_Videos_452_x264__5.npy,Normal
/home/xbgydx/Desktop/UCFClipFeatures/Testing_Normal_Videos_Anomaly/Normal_Videos_453_x264__5.npy,Normal
/home/xbgydx/Desktop/UCFClipFeatures/Testing_Normal_Videos_Anomaly/Normal_Videos_478_x264__5.npy,Normal
/home/xbgydx/Desktop/UCFClipFeatures/Testing_Normal_Videos_Anomaly/Normal_Videos_576_x264__5.npy,Normal
/home/xbgydx/Desktop/UCFClipFeatures/Testing_Normal_Videos_Anomaly/Normal_Videos_597_x264__5.npy,Normal
/home/xbgydx/Desktop/UCFClipFeatures/Testing_Normal_Videos_Anomaly/Normal_Videos_603_x264__5.npy,Normal
/home/xbgydx/Desktop/UCFClipFeatures/Testing_Normal_Videos_Anomaly/Normal_Videos_606_x264__5.npy,Normal
/home/xbgydx/Desktop/UCFClipFeatures/Testing_Normal_Videos_Anomaly/Normal_Videos_621_x264__5.npy,Normal
/home/xbgydx/Desktop/UCFClipFeatures/Testing_Normal_Videos_Anomaly/Normal_Videos_634_x264__5.npy,Normal
/home/xbgydx/Desktop/UCFClipFeatures/Testing_Normal_Videos_Anomaly/Normal_Videos_641_x264__5.npy,Normal
/home/xbgydx/Desktop/UCFClipFeatures/Testing_Normal_Videos_Anomaly/Normal_Videos_656_x264__5.npy,Normal
/home/xbgydx/Desktop/UCFClipFeatures/Testing_Normal_Videos_Anomaly/Normal_Videos_686_x264__5.npy,Normal
/home/xbgydx/Desktop/UCFClipFeatures/Testing_Normal_Videos_Anomaly/Normal_Videos_696_x264__5.npy,Normal
/home/xbgydx/Desktop/UCFClipFeatures/Testing_Normal_Videos_Anomaly/Normal_Videos_702_x264__5.npy,Normal
/home/xbgydx/Desktop/UCFClipFeatures/Testing_Normal_Videos_Anomaly/Normal_Videos_704_x264__5.npy,Normal
/home/xbgydx/Desktop/UCFClipFeatures/Testing_Normal_Videos_Anomaly/Normal_Videos_710_x264__5.npy,Normal
/home/xbgydx/Desktop/UCFClipFeatures/Testing_Normal_Videos_Anomaly/Normal_Videos_717_x264__5.npy,Normal
/home/xbgydx/Desktop/UCFClipFeatures/Testing_Normal_Videos_Anomaly/Normal_Videos_722_x264__5.npy,Normal
/home/xbgydx/Desktop/UCFClipFeatures/Testing_Normal_Videos_Anomaly/Normal_Videos_725_x264__5.npy,Normal
/home/xbgydx/Desktop/UCFClipFeatures/Testing_Normal_Videos_Anomaly/Normal_Videos_745_x264__5.npy,Normal
/home/xbgydx/Desktop/UCFClipFeatures/Testing_Normal_Videos_Anomaly/Normal_Videos_758_x264__5.npy,Normal
/home/xbgydx/Desktop/UCFClipFeatures/Testing_Normal_Videos_Anomaly/Normal_Videos_778_x264__5.npy,Normal
/home/xbgydx/Desktop/UCFClipFeatures/Testing_Normal_Videos_Anomaly/Normal_Videos_780_x264__5.npy,Normal
/home/xbgydx/Desktop/UCFClipFeatures/Testing_Normal_Videos_Anomaly/Normal_Videos_781_x264__5.npy,Normal
/home/xbgydx/Desktop/UCFClipFeatures/Testing_Normal_Videos_Anomaly/Normal_Videos_782_x264__5.npy,Normal
/home/xbgydx/Desktop/UCFClipFeatures/Testing_Normal_Videos_Anomaly/Normal_Videos_783_x264__5.npy,Normal
/home/xbgydx/Desktop/UCFClipFeatures/Testing_Normal_Videos_Anomaly/Normal_Videos_798_x264__5.npy,Normal
/home/xbgydx/Desktop/UCFClipFeatures/Testing_Normal_Videos_Anomaly/Normal_Videos_801_x264__5.npy,Normal
/home/xbgydx/Desktop/UCFClipFeatures/Testing_Normal_Videos_Anomaly/Normal_Videos_828_x264__5.npy,Normal
/home/xbgydx/Desktop/UCFClipFeatures/Testing_Normal_Videos_Anomaly/Normal_Videos_831_x264__5.npy,Normal
/home/xbgydx/Desktop/UCFClipFeatures/Testing_Normal_Videos_Anomaly/Normal_Videos_866_x264__5.npy,Normal
/home/xbgydx/Desktop/UCFClipFeatures/Testing_Normal_Videos_Anomaly/Normal_Videos_867_x264__5.npy,Normal
/home/xbgydx/Desktop/UCFClipFeatures/Testing_Normal_Videos_Anomaly/Normal_Videos_868_x264__5.npy,Normal
/home/xbgydx/Desktop/UCFClipFeatures/Testing_Normal_Videos_Anomaly/Normal_Videos_869_x264__5.npy,Normal
/home/xbgydx/Desktop/UCFClipFeatures/Testing_Normal_Videos_Anomaly/Normal_Videos_870_x264__5.npy,Normal
/home/xbgydx/Desktop/UCFClipFeatures/Testing_Normal_Videos_Anomaly/Normal_Videos_871_x264__5.npy,Normal
/home/xbgydx/Desktop/UCFClipFeatures/Testing_Normal_Videos_Anomaly/Normal_Videos_872_x264__5.npy,Normal
/home/xbgydx/Desktop/UCFClipFeatures/Testing_Normal_Videos_Anomaly/Normal_Videos_873_x264__5.npy,Normal
/home/xbgydx/Desktop/UCFClipFeatures/Testing_Normal_Videos_Anomaly/Normal_Videos_874_x264__5.npy,Normal
/home/xbgydx/Desktop/UCFClipFeatures/Testing_Normal_Videos_Anomaly/Normal_Videos_875_x264__5.npy,Normal
/home/xbgydx/Desktop/UCFClipFeatures/Testing_Normal_Videos_Anomaly/Normal_Videos_876_x264__5.npy,Normal
/home/xbgydx/Desktop/UCFClipFeatures/Testing_Normal_Videos_Anomaly/Normal_Videos_877_x264__5.npy,Normal
/home/xbgydx/Desktop/UCFClipFeatures/Testing_Normal_Videos_Anomaly/Normal_Videos_878_x264__5.npy,Normal
/home/xbgydx/Desktop/UCFClipFeatures/Testing_Normal_Videos_Anomaly/Normal_Videos_879_x264__5.npy,Normal
/home/xbgydx/Desktop/UCFClipFeatures/Testing_Normal_Videos_Anomaly/Normal_Videos_880_x264__5.npy,Normal
/home/xbgydx/Desktop/UCFClipFeatures/Testing_Normal_Videos_Anomaly/Normal_Videos_881_x264__5.npy,Normal
/home/xbgydx/Desktop/UCFClipFeatures/Testing_Normal_Videos_Anomaly/Normal_Videos_882_x264__5.npy,Normal
/home/xbgydx/Desktop/UCFClipFeatures/Testing_Normal_Videos_Anomaly/Normal_Videos_883_x264__5.npy,Normal
/home/xbgydx/Desktop/UCFClipFeatures/Testing_Normal_Videos_Anomaly/Normal_Videos_884_x264__5.npy,Normal
/home/xbgydx/Desktop/UCFClipFeatures/Testing_Normal_Videos_Anomaly/Normal_Videos_885_x264__5.npy,Normal
/home/xbgydx/Desktop/UCFClipFeatures/Testing_Normal_Videos_Anomaly/Normal_Videos_886_x264__5.npy,Normal
/home/xbgydx/Desktop/UCFClipFeatures/Testing_Normal_Videos_Anomaly/Normal_Videos_887_x264__5.npy,Normal
/home/xbgydx/Desktop/UCFClipFeatures/Testing_Normal_Videos_Anomaly/Normal_Videos_888_x264__5.npy,Normal
/home/xbgydx/Desktop/UCFClipFeatures/Testing_Normal_Videos_Anomaly/Normal_Videos_889_x264__5.npy,Normal
/home/xbgydx/Desktop/UCFClipFeatures/Testing_Normal_Videos_Anomaly/Normal_Videos_890_x264__5.npy,Normal
/home/xbgydx/Desktop/UCFClipFeatures/Testing_Normal_Videos_Anomaly/Normal_Videos_891_x264__5.npy,Normal
/home/xbgydx/Desktop/UCFClipFeatures/Testing_Normal_Videos_Anomaly/Normal_Videos_892_x264__5.npy,Normal
/home/xbgydx/Desktop/UCFClipFeatures/Testing_Normal_Videos_Anomaly/Normal_Videos_893_x264__5.npy,Normal
/home/xbgydx/Desktop/UCFClipFeatures/Testing_Normal_Videos_Anomaly/Normal_Videos_894_x264__5.npy,Normal
/home/xbgydx/Desktop/UCFClipFeatures/Testing_Normal_Videos_Anomaly/Normal_Videos_895_x264__5.npy,Normal
/home/xbgydx/Desktop/UCFClipFeatures/Testing_Normal_Videos_Anomaly/Normal_Videos_896_x264__5.npy,Normal
/home/xbgydx/Desktop/UCFClipFeatures/Testing_Normal_Videos_Anomaly/Normal_Videos_897_x264__5.npy,Normal
/home/xbgydx/Desktop/UCFClipFeatures/Testing_Normal_Videos_Anomaly/Normal_Videos_898_x264__5.npy,Normal
/home/xbgydx/Desktop/UCFClipFeatures/Testing_Normal_Videos_Anomaly/Normal_Videos_899_x264__5.npy,Normal
/home/xbgydx/Desktop/UCFClipFeatures/Testing_Normal_Videos_Anomaly/Normal_Videos_900_x264__5.npy,Normal
/home/xbgydx/Desktop/UCFClipFeatures/Testing_Normal_Videos_Anomaly/Normal_Videos_901_x264__5.npy,Normal
/home/xbgydx/Desktop/UCFClipFeatures/Testing_Normal_Videos_Anomaly/Normal_Videos_902_x264__5.npy,Normal
/home/xbgydx/Desktop/UCFClipFeatures/Testing_Normal_Videos_Anomaly/Normal_Videos_903_x264__5.npy,Normal
/home/xbgydx/Desktop/UCFClipFeatures/Testing_Normal_Videos_Anomaly/Normal_Videos_904_x264__5.npy,Normal
/home/xbgydx/Desktop/UCFClipFeatures/Testing_Normal_Videos_Anomaly/Normal_Videos_905_x264__5.npy,Normal
/home/xbgydx/Desktop/UCFClipFeatures/Testing_Normal_Videos_Anomaly/Normal_Videos_906_x264__5.npy,Normal
/home/xbgydx/Desktop/UCFClipFeatures/Testing_Normal_Videos_Anomaly/Normal_Videos_907_x264__5.npy,Normal
/home/xbgydx/Desktop/UCFClipFeatures/Testing_Normal_Videos_Anomaly/Normal_Videos_908_x264__5.npy,Normal
/home/xbgydx/Desktop/UCFClipFeatures/Testing_Normal_Videos_Anomaly/Normal_Videos_909_x264__5.npy,Normal
/home/xbgydx/Desktop/UCFClipFeatures/Testing_Normal_Videos_Anomaly/Normal_Videos_910_x264__5.npy,Normal
/home/xbgydx/Desktop/UCFClipFeatures/Testing_Normal_Videos_Anomaly/Normal_Videos_911_x264__5.npy,Normal
/home/xbgydx/Desktop/UCFClipFeatures/Testing_Normal_Videos_Anomaly/Normal_Videos_912_x264__5.npy,Normal
/home/xbgydx/Desktop/UCFClipFeatures/Testing_Normal_Videos_Anomaly/Normal_Videos_913_x264__5.npy,Normal
/home/xbgydx/Desktop/UCFClipFeatures/Testing_Normal_Videos_Anomaly/Normal_Videos_914_x264__5.npy,Normal
/home/xbgydx/Desktop/UCFClipFeatures/Testing_Normal_Videos_Anomaly/Normal_Videos_915_x264__5.npy,Normal
/home/xbgydx/Desktop/UCFClipFeatures/Testing_Normal_Videos_Anomaly/Normal_Videos_923_x264__5.npy,Normal
/home/xbgydx/Desktop/UCFClipFeatures/Testing_Normal_Videos_Anomaly/Normal_Videos_924_x264__5.npy,Normal
/home/xbgydx/Desktop/UCFClipFeatures/Testing_Normal_Videos_Anomaly/Normal_Videos_925_x264__5.npy,Normal
/home/xbgydx/Desktop/UCFClipFeatures/Testing_Normal_Videos_Anomaly/Normal_Videos_926_x264__5.npy,Normal
/home/xbgydx/Desktop/UCFClipFeatures/Testing_Normal_Videos_Anomaly/Normal_Videos_927_x264__5.npy,Normal
/home/xbgydx/Desktop/UCFClipFeatures/Testing_Normal_Videos_Anomaly/Normal_Videos_928_x264__5.npy,Normal
/home/xbgydx/Desktop/UCFClipFeatures/Testing_Normal_Videos_Anomaly/Normal_Videos_929_x264__5.npy,Normal
/home/xbgydx/Desktop/UCFClipFeatures/Testing_Normal_Videos_Anomaly/Normal_Videos_930_x264__5.npy,Normal
/home/xbgydx/Desktop/UCFClipFeatures/Testing_Normal_Videos_Anomaly/Normal_Videos_931_x264__5.npy,Normal
/home/xbgydx/Desktop/UCFClipFeatures/Testing_Normal_Videos_Anomaly/Normal_Videos_932_x264__5.npy,Normal
/home/xbgydx/Desktop/UCFClipFeatures/Testing_Normal_Videos_Anomaly/Normal_Videos_933_x264__5.npy,Normal
/home/xbgydx/Desktop/UCFClipFeatures/Testing_Normal_Videos_Anomaly/Normal_Videos_934_x264__5.npy,Normal
/home/xbgydx/Desktop/UCFClipFeatures/Testing_Normal_Videos_Anomaly/Normal_Videos_935_x264__5.npy,Normal
/home/xbgydx/Desktop/UCFClipFeatures/Testing_Normal_Videos_Anomaly/Normal_Videos_936_x264__5.npy,Normal
/home/xbgydx/Desktop/UCFClipFeatures/Testing_Normal_Videos_Anomaly/Normal_Videos_937_x264__5.npy,Normal
/home/xbgydx/Desktop/UCFClipFeatures/Testing_Normal_Videos_Anomaly/Normal_Videos_938_x264__5.npy,Normal
/home/xbgydx/Desktop/UCFClipFeatures/Testing_Normal_Videos_Anomaly/Normal_Videos_939_x264__5.npy,Normal
/home/xbgydx/Desktop/UCFClipFeatures/Testing_Normal_Videos_Anomaly/Normal_Videos_940_x264__5.npy,Normal
/home/xbgydx/Desktop/UCFClipFeatures/Testing_Normal_Videos_Anomaly/Normal_Videos_941_x264__5.npy,Normal
/home/xbgydx/Desktop/UCFClipFeatures/Testing_Normal_Videos_Anomaly/Normal_Videos_943_x264__5.npy,Normal
/home/xbgydx/Desktop/UCFClipFeatures/Testing_Normal_Videos_Anomaly/Normal_Videos_944_x264__5.npy,Normal
